"period","nonrevolving","revolving","student"
1943-01-01,"6577.83",NA,NA
1943-02-01,"6463.04",NA,NA
1943-03-01,"6234.21",NA,NA
1943-04-01,"6125.75",NA,NA
1943-05-01,"5936.26",NA,NA
1943-06-01,"5822.23",NA,NA
1943-07-01,"5718.37",NA,NA
1943-08-01,"5638.75",NA,NA
1943-09-01,"5647.59",NA,NA
1943-10-01,"5650.74",NA,NA
1943-11-01,"5576.87",NA,NA
1943-12-01,"5462.52",NA,NA
1944-01-01,"5398.57",NA,NA
1944-02-01,"5354.36",NA,NA
1944-03-01,"5370.36",NA,NA
1944-04-01,"5379.18",NA,NA
1944-05-01,"5430.50",NA,NA
1944-06-01,"5467.79",NA,NA
1944-07-01,"5498.20",NA,NA
1944-08-01,"5533.96",NA,NA
1944-09-01,"5549.23",NA,NA
1944-10-01,"5565.93",NA,NA
1944-11-01,"5570.10",NA,NA
1944-12-01,"5585.69",NA,NA
1945-01-01,"5602.73",NA,NA
1945-02-01,"5573.81",NA,NA
1945-03-01,"5667.69",NA,NA
1945-04-01,"5582.45",NA,NA
1945-05-01,"5605.25",NA,NA
1945-06-01,"5704.45",NA,NA
1945-07-01,"5748.78",NA,NA
1945-08-01,"5767.01",NA,NA
1945-09-01,"5758.27",NA,NA
1945-10-01,"5932.02",NA,NA
1945-11-01,"6095.55",NA,NA
1945-12-01,"6567.05",NA,NA
1946-01-01,"6504.51",NA,NA
1946-02-01,"6765.95",NA,NA
1946-03-01,"7005.45",NA,NA
1946-04-01,"7333.22",NA,NA
1946-05-01,"7532.37",NA,NA
1946-06-01,"7702.21",NA,NA
1946-07-01,"7933.64",NA,NA
1946-08-01,"8345.16",NA,NA
1946-09-01,"8599.60",NA,NA
1946-10-01,"8895.14",NA,NA
1946-11-01,"9218.28",NA,NA
1946-12-01,"9444.39",NA,NA
1947-01-01,"9770.20",NA,NA
1947-02-01,"10089.00",NA,NA
1947-03-01,"10345.85",NA,NA
1947-04-01,"10645.94",NA,NA
1947-05-01,"10926.31",NA,NA
1947-06-01,"11135.65",NA,NA
1947-07-01,"11364.12",NA,NA
1947-08-01,"11582.88",NA,NA
1947-09-01,"11860.30",NA,NA
1947-10-01,"12205.13",NA,NA
1947-11-01,"12534.87",NA,NA
1947-12-01,"12855.62",NA,NA
1948-01-01,"13228.61",NA,NA
1948-02-01,"13524.28",NA,NA
1948-03-01,"13921.24",NA,NA
1948-04-01,"14264.07",NA,NA
1948-05-01,"14500.28",NA,NA
1948-06-01,"14775.27",NA,NA
1948-07-01,"15041.57",NA,NA
1948-08-01,"15229.70",NA,NA
1948-09-01,"15515.14",NA,NA
1948-10-01,"15579.62",NA,NA
1948-11-01,"15603.37",NA,NA
1948-12-01,"15803.23",NA,NA
1949-01-01,"15901.70",NA,NA
1949-02-01,"16009.26",NA,NA
1949-03-01,"16092.98",NA,NA
1949-04-01,"16413.20",NA,NA
1949-05-01,"16638.10",NA,NA
1949-06-01,"16860.93",NA,NA
1949-07-01,"17061.10",NA,NA
1949-08-01,"17355.49",NA,NA
1949-09-01,"17695.16",NA,NA
1949-10-01,"18021.32",NA,NA
1949-11-01,"18435.99",NA,NA
1949-12-01,"18772.21",NA,NA
1950-01-01,"19050.87",NA,NA
1950-02-01,"19371.63",NA,NA
1950-03-01,"19734.83",NA,NA
1950-04-01,"20148.38",NA,NA
1950-05-01,"20621.68",NA,NA
1950-06-01,"21118.84",NA,NA
1950-07-01,"22086.29",NA,NA
1950-08-01,"22728.26",NA,NA
1950-09-01,"23171.57",NA,NA
1950-10-01,"23242.15",NA,NA
1950-11-01,"23258.56",NA,NA
1950-12-01,"23229.16",NA,NA
1951-01-01,"23797.60",NA,NA
1951-02-01,"24109.42",NA,NA
1951-03-01,"24280.96",NA,NA
1951-04-01,"24076.15",NA,NA
1951-05-01,"23994.88",NA,NA
1951-06-01,"23841.03",NA,NA
1951-07-01,"23706.57",NA,NA
1951-08-01,"23940.11",NA,NA
1951-09-01,"24098.29",NA,NA
1951-10-01,"24288.01",NA,NA
1951-11-01,"24639.74",NA,NA
1951-12-01,"24627.95",NA,NA
1952-01-01,"24801.92",NA,NA
1952-02-01,"25151.92",NA,NA
1952-03-01,"25195.58",NA,NA
1952-04-01,"25548.05",NA,NA
1952-05-01,"26146.47",NA,NA
1952-06-01,"26762.43",NA,NA
1952-07-01,"27210.19",NA,NA
1952-08-01,"27468.78",NA,NA
1952-09-01,"27869.82",NA,NA
1952-10-01,"28496.56",NA,NA
1952-11-01,"29049.11",NA,NA
1952-12-01,"29685.58",NA,NA
1953-01-01,"30479.45",NA,NA
1953-02-01,"30886.61",NA,NA
1953-03-01,"31639.33",NA,NA
1953-04-01,"32117.35",NA,NA
1953-05-01,"32431.82",NA,NA
1953-06-01,"32501.58",NA,NA
1953-07-01,"32792.30",NA,NA
1953-08-01,"33060.61",NA,NA
1953-09-01,"33255.74",NA,NA
1953-10-01,"33482.28",NA,NA
1953-11-01,"33558.31",NA,NA
1953-12-01,"33696.92",NA,NA
1954-01-01,"34064.90",NA,NA
1954-02-01,"33701.35",NA,NA
1954-03-01,"33507.66",NA,NA
1954-04-01,"33706.50",NA,NA
1954-05-01,"33704.80",NA,NA
1954-06-01,"33815.39",NA,NA
1954-07-01,"34057.20",NA,NA
1954-08-01,"34009.56",NA,NA
1954-09-01,"34137.28",NA,NA
1954-10-01,"34363.37",NA,NA
1954-11-01,"34608.56",NA,NA
1954-12-01,"35028.27",NA,NA
1955-01-01,"35372.51",NA,NA
1955-02-01,"35925.41",NA,NA
1955-03-01,"36530.32",NA,NA
1955-04-01,"37235.21",NA,NA
1955-05-01,"37736.78",NA,NA
1955-06-01,"38536.67",NA,NA
1955-07-01,"39029.43",NA,NA
1955-08-01,"39732.77",NA,NA
1955-09-01,"40394.19",NA,NA
1955-10-01,"40833.66",NA,NA
1955-11-01,"41366.82",NA,NA
1955-12-01,"41869.03",NA,NA
1956-01-01,"42120.13",NA,NA
1956-02-01,"42561.07",NA,NA
1956-03-01,"43205.25",NA,NA
1956-04-01,"43383.97",NA,NA
1956-05-01,"43799.61",NA,NA
1956-06-01,"44053.63",NA,NA
1956-07-01,"44173.42",NA,NA
1956-08-01,"44498.86",NA,NA
1956-09-01,"44778.98",NA,NA
1956-10-01,"44934.15",NA,NA
1956-11-01,"45400.79",NA,NA
1956-12-01,"45448.24",NA,NA
1957-01-01,"45700.50",NA,NA
1957-02-01,"46042.24",NA,NA
1957-03-01,"46245.30",NA,NA
1957-04-01,"46517.42",NA,NA
1957-05-01,"46838.04",NA,NA
1957-06-01,"47000.29",NA,NA
1957-07-01,"47368.47",NA,NA
1957-08-01,"47646.21",NA,NA
1957-09-01,"47741.48",NA,NA
1957-10-01,"47879.00",NA,NA
1957-11-01,"47959.67",NA,NA
1957-12-01,"48078.27",NA,NA
1958-01-01,"48292.47",NA,NA
1958-02-01,"48097.52",NA,NA
1958-03-01,"47773.44",NA,NA
1958-04-01,"47662.50",NA,NA
1958-05-01,"47618.28",NA,NA
1958-06-01,"47507.36",NA,NA
1958-07-01,"47552.28",NA,NA
1958-08-01,"47592.98",NA,NA
1958-09-01,"47712.92",NA,NA
1958-10-01,"47823.17",NA,NA
1958-11-01,"47987.48",NA,NA
1958-12-01,"48394.35",NA,NA
1959-01-01,"48961.16",NA,NA
1959-02-01,"49513.71",NA,NA
1959-03-01,"50007.73",NA,NA
1959-04-01,"50463.43",NA,NA
1959-05-01,"51007.24",NA,NA
1959-06-01,"51675.44",NA,NA
1959-07-01,"52356.85",NA,NA
1959-08-01,"53038.53",NA,NA
1959-09-01,"53683.75",NA,NA
1959-10-01,"54365.95",NA,NA
1959-11-01,"54794.81",NA,NA
1959-12-01,"56010.68",NA,NA
1960-01-01,"56015.58",NA,NA
1960-02-01,"56364.63",NA,NA
1960-03-01,"56862.88",NA,NA
1960-04-01,"57711.40",NA,NA
1960-05-01,"57951.03",NA,NA
1960-06-01,"58387.06",NA,NA
1960-07-01,"58746.71",NA,NA
1960-08-01,"58947.15",NA,NA
1960-09-01,"59364.65",NA,NA
1960-10-01,"59628.99",NA,NA
1960-11-01,"59874.01",NA,NA
1960-12-01,"60025.31",NA,NA
1961-01-01,"60671.85",NA,NA
1961-02-01,"60310.13",NA,NA
1961-03-01,"60455.46",NA,NA
1961-04-01,"60075.87",NA,NA
1961-05-01,"60179.69",NA,NA
1961-06-01,"60334.75",NA,NA
1961-07-01,"60395.98",NA,NA
1961-08-01,"60619.48",NA,NA
1961-09-01,"60883.09",NA,NA
1961-10-01,"61158.22",NA,NA
1961-11-01,"61748.29",NA,NA
1961-12-01,"62248.53",NA,NA
1962-01-01,"62282.80",NA,NA
1962-02-01,"62640.35",NA,NA
1962-03-01,"63128.57",NA,NA
1962-04-01,"63866.91",NA,NA
1962-05-01,"64601.04",NA,NA
1962-06-01,"65137.42",NA,NA
1962-07-01,"65512.18",NA,NA
1962-08-01,"66055.12",NA,NA
1962-09-01,"66438.33",NA,NA
1962-10-01,"67028.88",NA,NA
1962-11-01,"67642.10",NA,NA
1962-12-01,"68126.72",NA,NA
1963-01-01,"68656.46",NA,NA
1963-02-01,"69376.75",NA,NA
1963-03-01,"70073.41",NA,NA
1963-04-01,"70801.61",NA,NA
1963-05-01,"71335.14",NA,NA
1963-06-01,"71875.59",NA,NA
1963-07-01,"72716.45",NA,NA
1963-08-01,"73576.16",NA,NA
1963-09-01,"74169.77",NA,NA
1963-10-01,"75112.95",NA,NA
1963-11-01,"75606.92",NA,NA
1963-12-01,"76581.45",NA,NA
1964-01-01,"77461.36",NA,NA
1964-02-01,"78336.23",NA,NA
1964-03-01,"79240.41",NA,NA
1964-04-01,"79908.16",NA,NA
1964-05-01,"80834.52",NA,NA
1964-06-01,"81428.18",NA,NA
1964-07-01,"82294.50",NA,NA
1964-08-01,"82973.05",NA,NA
1964-09-01,"83921.97",NA,NA
1964-10-01,"84530.18",NA,NA
1964-11-01,"84944.03",NA,NA
1964-12-01,"85959.57",NA,NA
1965-01-01,"87182.59",NA,NA
1965-02-01,"88152.04",NA,NA
1965-03-01,"88916.07",NA,NA
1965-04-01,"90047.41",NA,NA
1965-05-01,"90885.88",NA,NA
1965-06-01,"91830.09",NA,NA
1965-07-01,"92694.63",NA,NA
1965-08-01,"93287.10",NA,NA
1965-09-01,"94126.48",NA,NA
1965-10-01,"94804.53",NA,NA
1965-11-01,"95405.27",NA,NA
1965-12-01,"95954.72",NA,NA
1966-01-01,"97030.72",NA,NA
1966-02-01,"97758.36",NA,NA
1966-03-01,"98446.39",NA,NA
1966-04-01,"98805.09",NA,NA
1966-05-01,"99305.44",NA,NA
1966-06-01,"99788.67",NA,NA
1966-07-01,"100061.44",NA,NA
1966-08-01,"100586.70",NA,NA
1966-09-01,"100672.45",NA,NA
1966-10-01,"100953.07",NA,NA
1966-11-01,"101437.35",NA,NA
1966-12-01,"101788.22",NA,NA
1967-01-01,"102198.55",NA,NA
1967-02-01,"102362.59",NA,NA
1967-03-01,"102732.16",NA,NA
1967-04-01,"102885.94",NA,NA
1967-05-01,"103151.40",NA,NA
1967-06-01,"103741.04",NA,NA
1967-07-01,"104094.25",NA,NA
1967-08-01,"104677.52",NA,NA
1967-09-01,"105172.29",NA,NA
1967-10-01,"105440.72",NA,NA
1967-11-01,"106296.61",NA,NA
1967-12-01,"106842.64",NA,NA
1968-01-01,"105455.63","1316.77",NA
1968-02-01,"106569.64","1358.78",NA
1968-03-01,"107276.30","1412.75",NA
1968-04-01,"108119.91","1477.66",NA
1968-05-01,"108838.59","1538.42",NA
1968-06-01,"109453.37","1614.48",NA
1968-07-01,"110438.04","1685.67",NA
1968-08-01,"111075.84","1769.11",NA
1968-09-01,"111914.51","1839.73",NA
1968-10-01,"113273.13","1955.13",NA
1968-11-01,"114198.84","1997.21",NA
1968-12-01,"115357.55","2041.54",NA
1969-01-01,"116088.47","2137.51",NA
1969-02-01,"117232.70","2216.34",NA
1969-03-01,"118123.78","2307.70",NA
1969-04-01,"119085.12","2438.57",NA
1969-05-01,"119971.12","2593.69",NA
1969-06-01,"120652.71","2727.96",NA
1969-07-01,"121140.31","2863.67",NA
1969-08-01,"121611.48","2997.20",NA
1969-09-01,"122160.18","3158.96",NA
1969-10-01,"122692.79","3326.94",NA
1969-11-01,"123105.28","3463.95",NA
1969-12-01,"123551.35","3604.84",NA
1970-01-01,"124109.78","3693.21",NA
1970-02-01,"124388.57","3802.58",NA
1970-03-01,"124371.86","3908.14",NA
1970-04-01,"124341.19","4033.54",NA
1970-05-01,"124396.14","4137.90",NA
1970-06-01,"124905.34","4280.08",NA
1970-07-01,"125434.01","4422.89",NA
1970-08-01,"125642.21","4542.39",NA
1970-09-01,"126164.17","4686.66",NA
1970-10-01,"126277.15","4835.92",NA
1970-11-01,"125892.46","4914.97",NA
1970-12-01,"126590.09","4961.46",NA
1971-01-01,"126995.07","7168.98",NA
1971-02-01,"127700.05","7232.87",NA
1971-03-01,"128438.74","7297.56",NA
1971-04-01,"129532.62","7459.91",NA
1971-05-01,"130198.92","7642.01",NA
1971-06-01,"131029.09","7739.85",NA
1971-07-01,"132007.17","7900.86",NA
1971-08-01,"133207.31","8044.78",NA
1971-09-01,"134535.82","8230.75",NA
1971-10-01,"135613.18","8313.58",NA
1971-11-01,"137328.97","8305.86",NA
1971-12-01,"138684.84","8245.33",NA
1972-01-01,"139568.47","8092.01",NA
1972-02-01,"140830.72","8093.82",NA
1972-03-01,"142535.76","8235.30",NA
1972-04-01,"143894.00","8427.95",NA
1972-05-01,"145621.23","8578.25",NA
1972-06-01,"147367.30","8785.71",NA
1972-07-01,"148321.93","8957.98",NA
1972-08-01,"149806.20","9133.16",NA
1972-09-01,"151245.55","9307.74",NA
1972-10-01,"152834.96","9390.08",NA
1972-11-01,"154699.79","9401.80",NA
1972-12-01,"156809.86","9379.24",NA
1973-01-01,"159913.81","9380.86",NA
1973-02-01,"162096.12","9505.71",NA
1973-03-01,"164253.28","9655.66",NA
1973-04-01,"165937.83","9824.85",NA
1973-05-01,"168084.27","10043.68",NA
1973-06-01,"170082.20","10347.07",NA
1973-07-01,"171787.46","10530.74",NA
1973-08-01,"173525.75","10800.76",NA
1973-09-01,"174411.96","10933.55",NA
1973-10-01,"176288.39","11187.70",NA
1973-11-01,"177946.52","11362.28",NA
1973-12-01,"178744.09","11342.22",NA
1974-01-01,"179985.68","11326.78",NA
1974-02-01,"181188.92","11326.44",NA
1974-03-01,"181980.99","11377.00",NA
1974-04-01,"183021.12","11582.43",NA
1974-05-01,"183917.37","11952.53",NA
1974-06-01,"184598.24","12289.55",NA
1974-07-01,"185641.86","12651.67",NA
1974-08-01,"186290.11","13026.68",NA
1974-09-01,"186366.20","13250.92",NA
1974-10-01,"186004.12","13530.65",NA
1974-11-01,"185679.08","13575.61",NA
1974-12-01,"185676.58","13241.26",NA
1975-01-01,"185788.75","13274.85",NA
1975-02-01,"186286.19","13221.56",NA
1975-03-01,"185932.07","13177.87",NA
1975-04-01,"185400.23","13342.63",NA
1975-05-01,"185283.30","13453.92",NA
1975-06-01,"182452.41","13590.96",NA
1975-07-01,"183693.69","13885.67",NA
1975-08-01,"184044.04","14167.55",NA
1975-09-01,"184938.40","14490.56",NA
1975-10-01,"185623.24","14811.04",NA
1975-11-01,"186789.65","14703.24",NA
1975-12-01,"189506.73","14495.27",NA
1976-01-01,"191088.21","14432.58",NA
1976-02-01,"192358.93","14350.37",NA
1976-03-01,"194024.47","14314.10",NA
1976-04-01,"195904.02","14596.04",NA
1976-05-01,"196605.92","14801.50",NA
1976-06-01,"198154.30","15085.81",NA
1976-07-01,"199687.30","15585.40",NA
1976-08-01,"200609.32","15900.54",NA
1976-09-01,"202355.86","16352.92",NA
1976-10-01,"204119.91","16747.19",NA
1976-11-01,"206099.35","16705.57",NA
1976-12-01,"209232.54","16489.05",NA
1977-01-01,"195049.52","30683.63",NA
1977-02-01,"197994.31","30533.90",NA
1977-03-01,"201350.33","30997.94",NA
1977-04-01,"203776.39","31817.66",NA
1977-05-01,"206332.78","32685.31",NA
1977-06-01,"208978.57","33430.02",NA
1977-07-01,"211514.21","33966.85",NA
1977-08-01,"213868.73","34605.80",NA
1977-09-01,"215887.98","35373.81",NA
1977-10-01,"218941.91","36473.74",NA
1977-11-01,"221793.74","36979.17",NA
1977-12-01,"223147.88","37414.82",NA
1978-01-01,"225840.72","36924.59",NA
1978-02-01,"228843.81","36894.21",NA
1978-03-01,"232783.64","37479.17",NA
1978-04-01,"235793.94","38343.03",NA
1978-05-01,"239905.41","39351.16",NA
1978-06-01,"244553.78","40546.99",NA
1978-07-01,"247270.46","41535.08",NA
1978-08-01,"250331.25","42481.86",NA
1978-09-01,"252669.05","43510.36",NA
1978-10-01,"254367.42","44445.07",NA
1978-11-01,"257689.52","45040.68",NA
1978-12-01,"260409.43","45690.95",NA
1979-01-01,"264315.10","45587.99",NA
1979-02-01,"267716.65","45807.13",NA
1979-03-01,"270831.04","46369.70",NA
1979-04-01,"273554.91","47389.97",NA
1979-05-01,"276657.03","48520.36",NA
1979-06-01,"278767.47","49405.27",NA
1979-07-01,"281859.38","50130.61",NA
1979-08-01,"284513.99","51271.47",NA
1979-09-01,"287373.54","52076.21",NA
1979-10-01,"290070.61","53180.70",NA
1979-11-01,"292474.39","53915.02",NA
1979-12-01,"294992.67","53596.43",NA
1980-01-01,"296725.93","53749.77",NA
1980-02-01,"298927.10","54129.13",NA
1980-03-01,"298903.04","54139.08",NA
1980-04-01,"297327.17","53960.04",NA
1980-05-01,"294661.72","53982.82",NA
1980-06-01,"292912.84","53784.12",NA
1980-07-01,"293019.76","54051.61",NA
1980-08-01,"293131.90","54414.11",NA
1980-09-01,"293771.86","54391.28",NA
1980-10-01,"295240.42","54357.30",NA
1980-11-01,"295558.63","54445.86",NA
1980-12-01,"296950.00","54970.05",NA
1981-01-01,"297538.14","55491.18",NA
1981-02-01,"298933.64","55811.35",NA
1981-03-01,"300844.92","56282.22",NA
1981-04-01,"302007.54","57125.32",NA
1981-05-01,"303465.64","57767.16",NA
1981-06-01,"304001.45","58742.01",NA
1981-07-01,"305633.03","59044.70",NA
1981-08-01,"305855.27","59299.19",NA
1981-09-01,"309400.99","60194.75",NA
1981-10-01,"309829.36","60627.36",NA
1981-11-01,"311002.55","60757.36",NA
1981-12-01,"310373.44","60928.00",NA
1982-01-01,"313971.26","61196.10",NA
1982-02-01,"314908.25","61468.81",NA
1982-03-01,"315260.16","61625.25",NA
1982-04-01,"316379.45","62254.83",NA
1982-05-01,"317589.60","62849.21",NA
1982-06-01,"318500.20","63485.42",NA
1982-07-01,"318106.43","64340.66",NA
1982-08-01,"318058.26","64804.38",NA
1982-09-01,"319214.09","65141.16",NA
1982-10-01,"319521.05","65446.13",NA
1982-11-01,"321126.34","65640.31",NA
1982-12-01,"323500.44","66348.30",NA
1983-01-01,"325101.49","66726.23",NA
1983-02-01,"325604.76","66756.20",NA
1983-03-01,"328041.51","67541.54",NA
1983-04-01,"330023.37","68403.34",NA
1983-05-01,"331068.19","68885.53",NA
1983-06-01,"334551.80","70280.80",NA
1983-07-01,"337934.87","71540.34",NA
1983-08-01,"341427.64","72565.93",NA
1983-09-01,"344257.06","73563.89",NA
1983-10-01,"348650.84","75122.16",NA
1983-11-01,"353190.44","76786.94",NA
1983-12-01,"358041.61","79027.25",NA
1984-01-01,"362877.19","79113.94",NA
1984-02-01,"371202.54","80704.49",NA
1984-03-01,"373493.07","83057.09",NA
1984-04-01,"377814.15","84327.07",NA
1984-05-01,"385354.23","87090.05",NA
1984-06-01,"391575.58","89418.95",NA
1984-07-01,"396763.13","90385.67",NA
1984-08-01,"401685.95","92431.69",NA
1984-09-01,"404024.49","94471.91",NA
1984-10-01,"408425.54","96233.11",NA
1984-11-01,"412018.18","98135.90",NA
1984-12-01,"416893.35","100385.63",NA
1985-01-01,"421137.53","102841.83",NA
1985-02-01,"427107.96","105340.46",NA
1985-03-01,"433806.83","107950.35",NA
1985-04-01,"439280.32","110068.39",NA
1985-05-01,"444685.77","111156.29",NA
1985-06-01,"448811.12","112395.48",NA
1985-07-01,"453518.69","114134.31",NA
1985-08-01,"457305.61","115993.70",NA
1985-09-01,"463812.23","118336.14",NA
1985-10-01,"468071.40","120236.06",NA
1985-11-01,"471931.33","122546.42",NA
1985-12-01,"475245.43","124465.80",NA
1986-01-01,"478614.71","127088.32",NA
1986-02-01,"481880.73","128797.56",NA
1986-03-01,"483198.63","130177.99",NA
1986-04-01,"487617.38","132040.35",NA
1986-05-01,"492220.85","133599.11",NA
1986-06-01,"495646.39","134409.45",NA
1986-07-01,"499489.88","135661.07",NA
1986-08-01,"502045.82","136858.57",NA
1986-09-01,"508775.79","137247.37",NA
1986-10-01,"514880.75","138906.54",NA
1986-11-01,"513804.18","139963.12",NA
1986-12-01,"513682.08","141068.15",NA
1987-01-01,"512159.61","141107.87",NA
1987-02-01,"510108.35","142423.95",NA
1987-03-01,"508095.94","143101.73",NA
1987-04-01,"510909.57","145491.85",NA
1987-05-01,"511163.53","147306.50",NA
1987-06-01,"513063.70","149833.79",NA
1987-07-01,"515262.37","152397.41",NA
1987-08-01,"518353.94","153871.20",NA
1987-09-01,"519750.26","156460.89",NA
1987-10-01,"523110.13","158074.33",NA
1987-11-01,"526691.09","158018.95",NA
1987-12-01,"525464.86","160853.91",NA
1988-01-01,"527589.06","164681.90",NA
1988-02-01,"530429.96","165957.33",NA
1988-03-01,"533175.30","167525.90",NA
1988-04-01,"536777.32","169090.73",NA
1988-05-01,"539296.28","170749.58",NA
1988-06-01,"540226.01","172963.18",NA
1988-07-01,"542093.75","174019.27",NA
1988-08-01,"545666.66","175868.92",NA
1988-09-01,"545467.57","177480.12",NA
1988-10-01,"546273.18","179832.14",NA
1988-11-01,"546648.97","183011.11",NA
1988-12-01,"547324.64","184593.12",NA
1989-01-01,"563300.01","185723.07",NA
1989-02-01,"565278.20","187614.80",NA
1989-03-01,"569094.25","190924.09",NA
1989-04-01,"571570.85","193141.59",NA
1989-05-01,"574119.72","195155.98",NA
1989-06-01,"575543.16","197683.95",NA
1989-07-01,"576731.26","199528.82",NA
1989-08-01,"577013.90","201862.61",NA
1989-09-01,"578645.11","203176.98",NA
1989-10-01,"580619.79","204925.86",NA
1989-11-01,"582671.95","207625.30",NA
1989-12-01,"583382.34","211229.83",NA
1990-01-01,"584067.42","213647.44",NA
1990-02-01,"582268.62","216504.57",NA
1990-03-01,"581158.72","217589.37",NA
1990-04-01,"578977.38","219769.62",NA
1990-05-01,"576474.84","223276.19",NA
1990-06-01,"577227.92","225664.82",NA
1990-07-01,"577301.24","229586.26",NA
1990-08-01,"576343.66","232414.91",NA
1990-09-01,"575711.19","234725.03",NA
1990-10-01,"576484.47","236170.64",NA
1990-11-01,"574368.55","239294.12",NA
1990-12-01,"569587.95","238642.62",NA
1991-01-01,"567885.66","238714.84",NA
1991-02-01,"564742.31","242288.12",NA
1991-03-01,"561511.07","246840.76",NA
1991-04-01,"559075.06","248743.89",NA
1991-05-01,"556901.14","250931.03",NA
1991-06-01,"553748.22","252246.44",NA
1991-07-01,"550307.30","253720.26",NA
1991-08-01,"546129.18","255892.74",NA
1991-09-01,"542077.11","258812.22",NA
1991-10-01,"537268.74","261348.24",NA
1991-11-01,"535497.70","262777.28",NA
1991-12-01,"534260.42","263768.55",NA
1992-01-01,"533596.22","265386.49",NA
1992-02-01,"533158.25","266482.13",NA
1992-03-01,"532686.41","266755.70",NA
1992-04-01,"529828.90","267829.23",NA
1992-05-01,"528916.10","268751.80",NA
1992-06-01,"526568.68","270707.63",NA
1992-07-01,"527250.56","270817.59",NA
1992-08-01,"527743.30","272080.50",NA
1992-09-01,"527021.95","273176.96",NA
1992-10-01,"524348.35","275207.64",NA
1992-11-01,"527238.23","275459.75",NA
1992-12-01,"527669.02","278449.67",NA
1993-01-01,"528330.62","280994.81",NA
1993-02-01,"530527.68","283531.25",NA
1993-03-01,"528765.89","284890.41",NA
1993-04-01,"532780.81","286976.13",NA
1993-05-01,"531288.42","288470.63",NA
1993-06-01,"533850.55","289961.25",NA
1993-07-01,"535286.72","294232.01",NA
1993-08-01,"537971.36","296264.17",NA
1993-09-01,"541155.00","299447.98",NA
1993-10-01,"545962.54","301654.09",NA
1993-11-01,"549959.41","306564.01",NA
1993-12-01,"555742.56","309908.02",NA
1994-01-01,"559500.15","312521.67",NA
1994-02-01,"564939.14","315413.72",NA
1994-03-01,"571555.79","319777.37",NA
1994-04-01,"575973.79","325015.74",NA
1994-05-01,"583766.07","329097.63",NA
1994-06-01,"589363.22","334852.80",NA
1994-07-01,"591189.26","339945.48",NA
1994-08-01,"597132.47","347670.70",NA
1994-09-01,"607291.69","350083.91",NA
1994-10-01,"615689.68","352779.03",NA
1994-11-01,"618833.39","362592.72",NA
1994-12-01,"631732.19","365569.56",NA
1995-01-01,"638391.87","372003.17",NA
1995-02-01,"640455.74","378103.38",NA
1995-03-01,"648072.17","385559.92",NA
1995-04-01,"653951.59","389743.58",NA
1995-05-01,"659306.86","398163.97",NA
1995-06-01,"663290.48","406087.43",NA
1995-07-01,"668595.71","409141.29",NA
1995-08-01,"672036.31","417565.74",NA
1995-09-01,"677580.53","429032.15",NA
1995-10-01,"680078.10","433450.42",NA
1995-11-01,"695420.01","436740.16",NA
1995-12-01,"696824.27","443920.09",NA
1996-01-01,"703275.62","449994.68",NA
1996-02-01,"707496.40","455597.38",NA
1996-03-01,"710092.31","461591.95",NA
1996-04-01,"715121.51","465781.59",NA
1996-05-01,"720453.90","470659.79",NA
1996-06-01,"726687.65","474262.36",NA
1996-07-01,"732630.35","479267.01",NA
1996-08-01,"737209.89","483293.11",NA
1996-09-01,"738986.95","486284.81",NA
1996-10-01,"740894.48","490441.62",NA
1996-11-01,"744910.43","497511.48",NA
1996-12-01,"745920.52","507516.57",NA
1997-01-01,"747895.02","510470.26",NA
1997-02-01,"750137.26","511713.55",NA
1997-03-01,"752190.25","511956.09",NA
1997-04-01,"762222.81","511864.57",NA
1997-05-01,"764197.31","514481.11",NA
1997-06-01,"767292.34","515566.18",NA
1997-07-01,"767885.68","520896.35",NA
1997-08-01,"769774.46","524444.78",NA
1997-09-01,"772912.57","528722.40",NA
1997-10-01,"777345.11","532044.28",NA
1997-11-01,"777649.38","534807.80",NA
1997-12-01,"784751.77","540005.56",NA
1998-01-01,"782101.57","537942.46",NA
1998-02-01,"785448.43","538894.29",NA
1998-03-01,"791455.93","541447.51",NA
1998-04-01,"799549.46","560906.83",NA
1998-05-01,"803246.74","559834.13",NA
1998-06-01,"812391.87","561550.45",NA
1998-07-01,"820166.91","560553.94",NA
1998-08-01,"822246.04","564420.41",NA
1998-09-01,"828674.04","568615.69",NA
1998-10-01,"833107.33","572289.34",NA
1998-11-01,"837234.90","571207.79",NA
1998-12-01,"839581.66","581414.78",NA
1999-01-01,"846059.93","585177.01",NA
1999-02-01,"855860.56","585454.04",NA
1999-03-01,"865721.60","585157.22",NA
1999-04-01,"871936.15","585734.42",NA
1999-05-01,"879768.92","588377.69",NA
1999-06-01,"884704.58","594610.74",NA
1999-07-01,"891382.22","600995.38",NA
1999-08-01,"899697.68","603528.93",NA
1999-09-01,"904172.70","606886.56",NA
1999-10-01,"909140.29","608141.54",NA
1999-11-01,"915232.59","610101.83",NA
1999-12-01,"920409.49","610696.47",NA
2000-01-01,"923673.63","614846.55",NA
2000-02-01,"931852.73","617332.56",NA
2000-03-01,"938939.72","622510.97",NA
2000-04-01,"944791.80","625735.94",NA
2000-05-01,"951650.78","631857.15",NA
2000-06-01,"970389.49","639158.55",NA
2000-07-01,"982824.43","646927.01",NA
2000-08-01,"995593.51","656021.89",NA
2000-09-01,"1007004.00","661996.81",NA
2000-10-01,"1016651.17","667948.15",NA
2000-11-01,"1026949.80","673994.74",NA
2000-12-01,"1034323.35","682646.37",NA
2001-01-01,"1043090.18","686761.50",NA
2001-02-01,"1050719.51","697982.51",NA
2001-03-01,"1057981.07","702560.77",NA
2001-04-01,"1065651.31","707447.02",NA
2001-05-01,"1071586.95","709590.51",NA
2001-06-01,"1080365.55","712002.55",NA
2001-07-01,"1089460.56","707890.02",NA
2001-08-01,"1099667.70","706691.34",NA
2001-09-01,"1106989.75","707262.63",NA
2001-10-01,"1124431.74","705408.52",NA
2001-11-01,"1145184.05","712658.74",NA
2001-12-01,"1153012.14","714840.73",NA
2002-01-01,"1152637.20","714781.50",NA
2002-02-01,"1167083.27","714822.10",NA
2002-03-01,"1174734.29","719956.04",NA
2002-04-01,"1178730.28","725227.70",NA
2002-05-01,"1186249.89","728364.10",NA
2002-06-01,"1194367.60","732813.38",NA
2002-07-01,"1202946.94","736264.46",NA
2002-08-01,"1207010.64","740489.45",NA
2002-09-01,"1207325.03","743326.36",NA
2002-10-01,"1209211.73","747939.58",NA
2002-11-01,"1215272.90","749906.22",NA
2002-12-01,"1221164.76","750947.45",NA
2003-01-01,"1227771.91","754789.40",NA
2003-02-01,"1234804.35","758601.34",NA
2003-03-01,"1241552.94","759655.21",NA
2003-04-01,"1253347.35","760752.43",NA
2003-05-01,"1263797.77","763704.74",NA
2003-06-01,"1269453.53","763814.88",NA
2003-07-01,"1275675.74","764388.66",NA
2003-08-01,"1282799.94","766324.40",NA
2003-09-01,"1291048.87","766041.92",NA
2003-10-01,"1299959.91","765535.19",NA
2003-11-01,"1301392.17","765007.92",NA
2003-12-01,"1309102.38","768258.31",NA
2004-01-01,"1317570.54","770672.50",NA
2004-02-01,"1322978.09","772362.27",NA
2004-03-01,"1331627.84","778092.48",NA
2004-04-01,"1337161.36","775554.79",NA
2004-05-01,"1342750.50","778088.65",NA
2004-06-01,"1348258.19","779731.22",NA
2004-07-01,"1351005.83","786087.14",NA
2004-08-01,"1356423.46","787011.66",NA
2004-09-01,"1366512.48","793635.81",NA
2004-10-01,"1380022.85","796696.49",NA
2004-11-01,"1386561.38","797184.97",NA
2004-12-01,"1392693.99","799552.18",NA
2005-01-01,"1392141.86","804635.76",NA
2005-02-01,"1407451.42","804107.29",NA
2005-03-01,"1415559.22","804639.97",NA
2005-04-01,"1421976.98","810558.39",NA
2005-05-01,"1423459.97","809211.55",NA
2005-06-01,"1433651.78","814181.65",NA
2005-07-01,"1442322.48","814908.46",NA
2005-08-01,"1449202.47","817842.41",NA
2005-09-01,"1451981.53","819651.75",NA
2005-10-01,"1455760.47","821082.67",NA
2005-11-01,"1457783.19","825878.08",NA
2005-12-01,"1461409.78","829518.36",NA
2006-01-01,"1491671.26","879107.10",NA
2006-02-01,"1494207.12","884591.14",NA
2006-03-01,"1501555.39","887741.08","477599.24"
2006-04-01,"1508377.54","892142.67",NA
2006-05-01,"1512994.67","898025.20",NA
2006-06-01,"1503536.31","896437.14","483568.45"
2006-07-01,"1509271.61","899397.27",NA
2006-08-01,"1517265.76","904701.98",NA
2006-09-01,"1525270.97","908036.58","506649.67"
2006-10-01,"1522503.84","911693.75",NA
2006-11-01,"1529284.13","916843.50",NA
2006-12-01,"1537288.07","923998.78","517149.64"
2007-01-01,"1539204.43","927567.48",NA
2007-02-01,"1546140.59","932713.92",NA
2007-03-01,"1553417.31","938817.56","540353.67"
2007-04-01,"1558802.35","941618.03",NA
2007-05-01,"1566841.76","950213.88",NA
2007-06-01,"1573924.94","953799.46","544449.38"
2007-07-01,"1583709.27","960635.41",NA
2007-08-01,"1593292.78","970130.91",NA
2007-09-01,"1600435.64","977516.22","572166.72"
2007-10-01,"1606045.19","985094.71",NA
2007-11-01,"1611575.25","995011.28",NA
2007-12-01,"1613118.36","1002001.30","583838.31"
2008-01-01,"1621575.43","1008602.96",NA
2008-02-01,"1629553.83","1015176.71",NA
2008-03-01,"1636064.70","1018728.40","613171.12"
2008-04-01,"1642447.67","1021244.98",NA
2008-05-01,"1646965.06","1020131.76",NA
2008-06-01,"1650888.85","1020648.51","620213.99"
2008-07-01,"1654467.33","1021206.03",NA
2008-08-01,"1652268.95","1019152.74",NA
2008-09-01,"1652653.08","1014132.55","651468.98"
2008-10-01,"1649150.17","1018639.59",NA
2008-11-01,"1648969.08","1010922.41",NA
2008-12-01,"1645691.34","1004358.04","665776.77"
2009-01-01,"1650492.04","1007106.58",NA
2009-02-01,"1649300.34","997876.00",NA
2009-03-01,"1644475.56","985900.62","696290.35"
2009-04-01,"1640834.29","981177.35",NA
2009-05-01,"1647330.17","968283.07",NA
2009-06-01,"1633191.44","964515.36","700654.89"
2009-07-01,"1633215.74","961314.32",NA
2009-08-01,"1632273.77","951850.14",NA
2009-09-01,"1629334.78","947715.17","734417.74"
2009-10-01,"1633246.53","940494.85",NA
2009-11-01,"1631987.59","925270.78",NA
2009-12-01,"1635860.65","916414.63","760039.58"
2010-01-01,"1630941.89","909769.26",NA
2010-02-01,"1627063.12","902837.91",NA
2010-03-01,"1637105.71","899180.99","788429.00"
2010-04-01,"1636264.65","894797.00",NA
2010-05-01,"1638421.36","885102.47",NA
2010-06-01,"1642128.43","877763.78","799277.65"
2010-07-01,"1643863.16","872213.34",NA
2010-08-01,"1650714.71","866324.29",NA
2010-09-01,"1659985.05","860608.22","834439.42"
2010-10-01,"1675474.34","854685.16",NA
2010-11-01,"1680935.87","850982.76",NA
2010-12-01,"1807385.87","839491.67","843900.82"
2011-01-01,"1819632.85","835712.44",NA
2011-02-01,"1830509.51","834305.63",NA
2011-03-01,"1837483.98","836088.03","890734.32"
2011-04-01,"1847658.37","832443.32",NA
2011-05-01,"1853306.12","834255.45",NA
2011-06-01,"1859136.72","836801.11","898911.31"
2011-07-01,"1883237.65","836085.03",NA
2011-08-01,"1875996.83","836437.36",NA
2011-09-01,"1884614.36","837993.30","936853.36"
2011-10-01,"1888224.22","838138.95",NA
2011-11-01,"1902528.19","842839.88",NA
2011-12-01,"1914197.09","841244.19","943045.66"
2012-01-01,"1927369.61","841280.08",NA
2012-02-01,"1935543.99","842174.80",NA
2012-03-01,"1950845.72","840877.28","990854.45"
2012-04-01,"1966094.41","839165.60",NA
2012-05-01,"1980001.12","844731.13",NA
2012-06-01,"1996610.33","843239.40","1007677.82"
2012-07-01,"2005771.29","841238.63",NA
2012-08-01,"2020090.00","846046.09",NA
2012-09-01,"2031758.66","845539.30","1037858.46"
2012-10-01,"2046449.11","848190.22",NA
2012-11-01,"2061345.96","850450.10",NA
2012-12-01,"2076968.56","845913.82","1050731.08"
2013-01-01,"2089590.28","848652.20",NA
2013-02-01,"2107305.77","850441.20",NA
2013-03-01,"2118175.26","848058.67","1088337.56"
2013-04-01,"2129321.79","849409.57",NA
2013-05-01,"2142476.72","852556.30",NA
2013-06-01,"2155294.24","851387.53","1095886.93"
2013-07-01,"2169227.82","852156.79",NA
2013-08-01,"2184058.27","853828.51",NA
2013-09-01,"2200654.12","854608.70","1130378.77"
2013-10-01,"2215924.40","857236.76",NA
2013-11-01,"2227307.55","856252.23",NA
2013-12-01,"2240635.11","858176.84","1141458.71"
2014-01-01,"2254344.99","859709.39",NA
2014-02-01,"2269834.77","859703.38",NA
2014-03-01,"2286383.57","860927.98","1177837.15"
2014-04-01,"2303149.39","870981.53",NA
2014-05-01,"2320056.77","873135.07",NA
2014-06-01,"2335982.12","875772.80","1187017.58"
2014-07-01,"2352829.85","880332.42",NA
2014-08-01,"2367917.48","881418.61",NA
2014-09-01,"2384021.20","883433.21","1221134.10"
2014-10-01,"2399281.47","884818.76",NA
2014-11-01,"2414460.31","886063.63",NA
2014-12-01,"2427238.97","889976.12","1230070.17"
2015-01-01,"2439277.09","888329.60",NA
2015-02-01,"2456599.63","885974.55",NA
2015-03-01,"2472599.85","890879.38","1265107.16"
2015-04-01,"2485427.40","899414.10",NA
2015-05-01,"2500375.06","900985.94",NA
2015-06-01,"2515576.78","906524.50","1266073.46"
